{"cameraMode":{"drawMode":0,"name":"Shaded","section":"Shading Mode"},"sceneLighting":true,"audioPlay":false,"sceneViewState":{"m_AlwaysRefresh":false,"showFog":true,"showSkybox":true,"showFlares":true,"showImageEffects":true,"showParticleSystems":true,"showVisualEffectGraphs":true,"m_FxEnabled":true},"in2DMode":false,"pivot":{"x":1.6676088571548463,"y":3.697864055633545,"z":3.312312126159668},"rotation":{"x":0.0029930572491139175,"y":0.9805728793144226,"z":-0.1955171525478363,"w":0.015003874897956849},"size":4.575593948364258,"orthographic":false}